1, 3.7091808720060846, -0.5675882184162915, 0.329815752999999989292235
1, 3.7091808720060846, -0.5675882184162915, 0.305815936000000010430711
1, 3.7091808720060846, -0.5675882184162915, 0.306050743999999985689442
1, 3.7091808720060846, -0.5675882184162915, 0.306273047999999992185849
1, 3.7091808720060846, -0.5675882184162915, 0.306837717000000009814897
1, 3.7091808720060846, -0.5675882184162915, 0.306142793000000024150609
1, 3.7091808720060846, -0.5675882184162915, 0.306470279000000012104010
1, 3.7091808720060846, -0.5675882184162915, 0.304079808999999978702533
1, 3.7091808720060846, -0.5675882184162915, 0.303021639000000009289693
1, 3.7091808720060846, -0.5675882184162915, 0.306399599000000022464008
1, 3.7091808720060846, -0.5675882184162915, 0.303358762000000004022127
1, 3.7091808720060846, -0.5675882184162915, 0.305940737000000018142032
1, 3.7091808720060846, -0.5675882184162915, 0.305923206999999974797788
1, 3.7091808720060846, -0.5675882184162915, 0.307114423999999996972576
1, 3.7091808720060846, -0.5675882184162915, 0.336145980000000010878836
1, 3.7091808720060846, -0.5675882184162915, 0.326124754999999988402948
1, 3.7091808720060846, -0.5675882184162915, 0.327094435000000016700028
1, 3.7091808720060846, -0.5675882184162915, 0.300821622999999982450703
1, 3.7091808720060846, -0.5675882184162915, 0.269346238999999987306921
1, 3.7091808720060846, -0.5675882184162915, 0.238669773000000001728083
1, 3.7091808720060846, -0.5675882184162915, 0.214986407999999989959505
1, 3.7091808720060846, -0.5675882184162915, 0.199512577999999995981284
1, 3.7091808720060846, -0.5675882184162915, 0.185956389999999999185221
1, 3.7091808720060846, -0.5675882184162915, 0.183148825999999986802180
1, 3.7091808720060846, -0.5675882184162915, 0.214410562999999998456957
1, 3.7091808720060846, -0.5675882184162915, 0.220048946999999994744712
1, 3.7091808720060846, -0.5675882184162915, 0.185108092000000001853266
1, 3.7091808720060846, -0.5675882184162915, 0.182690803000000012712434
1, 3.7091808720060846, -0.5675882184162915, 0.182425685000000004087894
1, 3.7091808720060846, -0.5675882184162915, 0.182237810999999999550525
1, 3.7091808720060846, -0.5675882184162915, 0.182168177999999986171886
1, 3.7091808720060846, -0.5675882184162915, 0.182738992999999988464666
1, 3.7091808720060846, -0.5675882184162915, 0.181351100999999986784772
1, 3.7091808720060846, -0.5675882184162915, 0.181686270000000010815810
1, 3.7091808720060846, -0.5675882184162915, 0.182692828000000001553715
1, 3.7091808720060846, -0.5675882184162915, 0.181251854999999989503934
1, 3.7091808720060846, -0.5675882184162915, 0.181652536000000003335586
1, 3.7091808720060846, -0.5675882184162915, 0.214384440000000009440839
1, 3.7091808720060846, -0.5675882184162915, 0.214145581000000001514749
1, 3.7091808720060846, -0.5675882184162915, 0.181226362000000001950539
1, 3.7091808720060846, -0.5675882184162915, 0.181012925999999990667177
1, 3.7091808720060846, -0.5675882184162915, 0.183431960000000005006626
1, 3.7091808720060846, -0.5675882184162915, 0.220887740999999998559034
1, 3.7091808720060846, -0.5675882184162915, 0.188254173999999996347299
1, 3.7091808720060846, -0.5675882184162915, 0.186629659000000003299391
1, 3.7091808720060846, -0.5675882184162915, 0.190270292000000007526239
1, 3.7091808720060846, -0.5675882184162915, 0.213979006999999998850370
1, 3.7091808720060846, -0.5675882184162915, 0.216669584999999997876330
1, 3.7091808720060846, -0.5675882184162915, 0.181574730999999989222715
2, 3.709180872006508, -0.5675882184167147, 0.125104708000000008905062
2, 3.709180872006508, -0.5675882184167147, 0.091951310999999993911480
2, 3.709180872006508, -0.5675882184167147, 0.092348989000000006321933
2, 3.709180872006508, -0.5675882184167147, 0.117970595999999997016694
2, 3.709180872006508, -0.5675882184167147, 0.099898587999999996500655
2, 3.709180872006508, -0.5675882184167147, 0.116349780999999999342442
2, 3.709180872006508, -0.5675882184167147, 0.094311817000000006117055
2, 3.709180872006508, -0.5675882184167147, 0.092583795999999995984808
2, 3.709180872006508, -0.5675882184167147, 0.092660761999999993743238
2, 3.709180872006508, -0.5675882184167147, 0.091306392000000000108706
2, 3.709180872006508, -0.5675882184167147, 0.091743809999999995086206
2, 3.709180872006508, -0.5675882184167147, 0.092164466999999999918813
2, 3.709180872006508, -0.5675882184167147, 0.119735773000000003674081
2, 3.709180872006508, -0.5675882184167147, 0.124692013000000004319112
2, 3.709180872006508, -0.5675882184167147, 0.117671813000000000104528
2, 3.709180872006508, -0.5675882184167147, 0.120899123999999996703636
2, 3.709180872006508, -0.5675882184167147, 0.123662686999999993364696
2, 3.709180872006508, -0.5675882184167147, 0.126222870999999986496576
2, 3.709180872006508, -0.5675882184167147, 0.120430277000000002241009
2, 3.709180872006508, -0.5675882184167147, 0.119153992000000000239801
2, 3.709180872006508, -0.5675882184167147, 0.124408246000000000108798
2, 3.709180872006508, -0.5675882184167147, 0.100263648999999996358490
2, 3.709180872006508, -0.5675882184167147, 0.092315882000000001883500
2, 3.709180872006508, -0.5675882184167147, 0.092012281000000001318639
2, 3.709180872006508, -0.5675882184167147, 0.091582405000000005612648
2, 3.709180872006508, -0.5675882184167147, 0.091669428999999996721115
2, 3.709180872006508, -0.5675882184167147, 0.091756939999999995172253
2, 3.709180872006508, -0.5675882184167147, 0.119447465000000002666170
2, 3.709180872006508, -0.5675882184167147, 0.120166973999999995847965
2, 3.709180872006508, -0.5675882184167147, 0.092132897000000005260922
2, 3.709180872006508, -0.5675882184167147, 0.092121723000000002579135
2, 3.709180872006508, -0.5675882184167147, 0.092258750999999999953260
2, 3.709180872006508, -0.5675882184167147, 0.092328663000000005256496
2, 3.709180872006508, -0.5675882184167147, 0.092144699999999996054001
2, 3.709180872006508, -0.5675882184167147, 0.092127239999999999131575
2, 3.709180872006508, -0.5675882184167147, 0.091914851000000005742940
2, 3.709180872006508, -0.5675882184167147, 0.123323115999999996517111
2, 3.709180872006508, -0.5675882184167147, 0.124596397999999997097120
2, 3.709180872006508, -0.5675882184167147, 0.095562190000000005185576
2, 3.709180872006508, -0.5675882184167147, 0.125122376000000007367774
2, 3.709180872006508, -0.5675882184167147, 0.095032372000000003842146
2, 3.709180872006508, -0.5675882184167147, 0.122302937999999999929557
2, 3.709180872006508, -0.5675882184167147, 0.092589870000000004668372
2, 3.709180872006508, -0.5675882184167147, 0.092966106000000006681638
2, 3.709180872006508, -0.5675882184167147, 0.092418687999999998838874
2, 3.709180872006508, -0.5675882184167147, 0.099669715000000005944436
2, 3.709180872006508, -0.5675882184167147, 0.101632193999999995148720
2, 3.709180872006508, -0.5675882184167147, 0.101730392000000002816762
2, 3.709180872006508, -0.5675882184167147, 0.097419836999999995241772
3, 3.709180552006465, -0.5675878984166718, 0.083575132999999995897511
3, 3.709180552006465, -0.5675878984166718, 0.065052926999999996504620
3, 3.709180552006465, -0.5675878984166718, 0.065651608999999999660702
3, 3.709180552006465, -0.5675878984166718, 0.068326962000000004970879
3, 3.709180552006465, -0.5675878984166718, 0.068528036000000000504961
3, 3.709180552006465, -0.5675878984166718, 0.093635958000000005241326
3, 3.709180552006465, -0.5675878984166718, 0.069333449000000005324473
3, 3.709180552006465, -0.5675878984166718, 0.096494086000000006686506
3, 3.709180552006465, -0.5675878984166718, 0.080776859000000006405529
3, 3.709180552006465, -0.5675878984166718, 0.078380662000000003719613
3, 3.709180552006465, -0.5675878984166718, 0.091296123000000006797450
3, 3.709180552006465, -0.5675878984166718, 0.069894697000000005626674
3, 3.709180552006465, -0.5675878984166718, 0.064421068999999997473083
3, 3.709180552006465, -0.5675878984166718, 0.066021141000000005405468
3, 3.709180552006465, -0.5675878984166718, 0.088412084000000001893227
3, 3.709180552006465, -0.5675878984166718, 0.093156075000000004848744
3, 3.709180552006465, -0.5675878984166718, 0.086686646000000006084818
3, 3.709180552006465, -0.5675878984166718, 0.070647868000000002552952
3, 3.709180552006465, -0.5675878984166718, 0.063580804000000004649884
3, 3.709180552006465, -0.5675878984166718, 0.063605249000000002590482
3, 3.709180552006465, -0.5675878984166718, 0.064081708000000001113072
3, 3.709180552006465, -0.5675878984166718, 0.066145249000000003181121
3, 3.709180552006465, -0.5675878984166718, 0.092266921000000001740204
3, 3.709180552006465, -0.5675878984166718, 0.092377899999999998903455
3, 3.709180552006465, -0.5675878984166718, 0.092270203999999994559644
3, 3.709180552006465, -0.5675878984166718, 0.067914964999999993811031
3, 3.709180552006465, -0.5675878984166718, 0.067777587000000000250211
3, 3.709180552006465, -0.5675878984166718, 0.094222556999999998450512
3, 3.709180552006465, -0.5675878984166718, 0.092849260000000002901466
3, 3.709180552006465, -0.5675878984166718, 0.094616742000000003676163
3, 3.709180552006465, -0.5675878984166718, 0.085345127000000006733949
3, 3.709180552006465, -0.5675878984166718, 0.094165634999999997534204
3, 3.709180552006465, -0.5675878984166718, 0.089925829999999998265459
3, 3.709180552006465, -0.5675878984166718, 0.089551059000000002296993
3, 3.709180552006465, -0.5675878984166718, 0.069705495000000006200480
3, 3.709180552006465, -0.5675878984166718, 0.093450736000000006464816
3, 3.709180552006465, -0.5675878984166718, 0.092927063000000004189260
3, 3.709180552006465, -0.5675878984166718, 0.068366072999999999426635
3, 3.709180552006465, -0.5675878984166718, 0.065201479000000006625015
3, 3.709180552006465, -0.5675878984166718, 0.072027030000000005771632
3, 3.709180552006465, -0.5675878984166718, 0.063911293999999993498129
3, 3.709180552006465, -0.5675878984166718, 0.063409971999999995007080
3, 3.709180552006465, -0.5675878984166718, 0.062896565000000001499636
3, 3.709180552006465, -0.5675878984166718, 0.063105462000000001054900
3, 3.709180552006465, -0.5675878984166718, 0.063192693999999993703653
3, 3.709180552006465, -0.5675878984166718, 0.078708568000000006525951
3, 3.709180552006465, -0.5675878984166718, 0.067207050000000004286171
3, 3.709180552006465, -0.5675878984166718, 0.064341099999999998293454
3, 3.709180552006465, -0.5675878984166718, 0.063758830000000002447003
4, 3.709180872006444, -0.5675882184166507, 0.074854079000000003918380
4, 3.709180872006443, -0.5675882184166499, 0.075051242000000004117588
4, 3.709180872006444, -0.5675882184166507, 0.050482916000000002676451
4, 3.709180872006443, -0.5675882184166499, 0.049558143999999998419170
4, 3.709180872006443, -0.5675882184166499, 0.049150269000000003372097
4, 3.709180872006443, -0.5675882184166499, 0.049469304999999998140314
4, 3.709180872006443, -0.5675882184166499, 0.049968953000000003450420
4, 3.709180872006443, -0.5675882184166499, 0.050097390999999998062453
4, 3.709180872006443, -0.5675882184166499, 0.050045078999999999258552
4, 3.709180872006443, -0.5675882184166499, 0.050138386999999999538158
4, 3.709180872006443, -0.5675882184166499, 0.075583573000000001118615
4, 3.709180872006443, -0.5675882184166499, 0.053236701999999996859358
4, 3.709180872006443, -0.5675882184166499, 0.069755500999999997535639
4, 3.709180872006443, -0.5675882184166499, 0.050173866999999996996173
4, 3.709180872006443, -0.5675882184166499, 0.063273150999999999699597
4, 3.709180872006444, -0.5675882184166507, 0.051994357999999997466123
4, 3.709180872006443, -0.5675882184166499, 0.075030846999999997737341
4, 3.709180872006444, -0.5675882184166507, 0.061181744000000003180784
4, 3.709180872006443, -0.5675882184166499, 0.074882294000000002021089
4, 3.709180872006443, -0.5675882184166499, 0.075082042000000001613635
4, 3.709180872006444, -0.5675882184166507, 0.075804692000000006846250
4, 3.709180872006443, -0.5675882184166499, 0.075867759000000006830433
4, 3.709180872006444, -0.5675882184166507, 0.060693969999999999864748
4, 3.709180872006444, -0.5675882184166507, 0.075287444999999994510453
4, 3.709180872006443, -0.5675882184166499, 0.074723612999999994288558
4, 3.709180872006443, -0.5675882184166499, 0.057007869000000002679407
4, 3.709180872006444, -0.5675882184166507, 0.059971177999999999985725
4, 3.709180872006443, -0.5675882184166499, 0.051446869999999998712692
4, 3.709180872006444, -0.5675882184166507, 0.075581059000000005987374
4, 3.709180872006444, -0.5675882184166507, 0.051980111000000002452470
4, 3.709180872006443, -0.5675882184166499, 0.052070346000000003461317
4, 3.709180872006443, -0.5675882184166499, 0.052028091999999998007453
4, 3.709180872006443, -0.5675882184166499, 0.076938709999999993494058
4, 3.709180872006443, -0.5675882184166499, 0.052764012999999998498879
4, 3.709180872006443, -0.5675882184166499, 0.052398531999999997665896
4, 3.709180872006443, -0.5675882184166499, 0.051802502999999999744318
4, 3.709180872006443, -0.5675882184166499, 0.075925169000000000685269
4, 3.709180872006444, -0.5675882184166507, 0.050952112000000000791022
4, 3.709180872006443, -0.5675882184166499, 0.076116255999999993253624
4, 3.709180872006444, -0.5675882184166507, 0.074824185000000001388720
4, 3.709180872006443, -0.5675882184166499, 0.078938904000000004179682
4, 3.709180872006443, -0.5675882184166499, 0.075056897999999996895504
4, 3.709180872006443, -0.5675882184166499, 0.051575796999999999614683
4, 3.709180872006443, -0.5675882184166499, 0.076217455000000003395577
4, 3.709180872006443, -0.5675882184166499, 0.071856405999999997669114
4, 3.709180872006443, -0.5675882184166499, 0.057316847999999996632337
4, 3.709180872006443, -0.5675882184166499, 0.067964831000000003324857
4, 3.709180872006443, -0.5675882184166499, 0.075791282000000001484175
4, 3.709180872006443, -0.5675882184166499, 0.075057874999999996123989
5, 3.709180872006452, -0.5675882184166587, 0.067722899000000003066901
5, 3.709180872006452, -0.5675882184166587, 0.065995296999999994436159
5, 3.709180872006451, -0.5675882184166579, 0.062965638000000004326218
5, 3.709180872006452, -0.5675882184166587, 0.046890962000000001308475
5, 3.709180872006452, -0.5675882184166587, 0.063760436000000003664567
5, 3.709180872006452, -0.5675882184166587, 0.052815625999999997464140
5, 3.709180872006451, -0.5675882184166579, 0.043451261999999997442945
5, 3.709180872006452, -0.5675882184166587, 0.066635534999999995742215
5, 3.709180872006451, -0.5675882184166579, 0.043003436999999998524569
5, 3.709180872006452, -0.5675882184166587, 0.042935410999999999714927
5, 3.709180872006451, -0.5675882184166579, 0.043957682999999997397467
5, 3.709180872006451, -0.5675882184166579, 0.044410814999999999319602
5, 3.709180872006452, -0.5675882184166587, 0.044300955000000002970140
5, 3.709180872006451, -0.5675882184166579, 0.044350820999999998606178
5, 3.709180872006452, -0.5675882184166587, 0.044260656000000002385786
5, 3.709180872006452, -0.5675882184166587, 0.069224283999999997041286
5, 3.709180872006452, -0.5675882184166587, 0.044212116000000002691284
5, 3.709180872006451, -0.5675882184166579, 0.044323862999999998069089
5, 3.709180872006452, -0.5675882184166587, 0.044446644999999999903206
5, 3.709180872006451, -0.5675882184166579, 0.068665062999999998405443
5, 3.709180872006452, -0.5675882184166587, 0.065262938000000006444346
5, 3.709180872006451, -0.5675882184166579, 0.043298098999999999614285
5, 3.709180872006452, -0.5675882184166587, 0.066372930999999996126704
5, 3.709180872006452, -0.5675882184166587, 0.049561844000000000731720
5, 3.709180872006451, -0.5675882184166579, 0.043153945999999998583974
5, 3.709180872006451, -0.5675882184166579, 0.043933378000000002094882
5, 3.709180872006451, -0.5675882184166579, 0.057174161000000001120469
5, 3.709180872006452, -0.5675882184166587, 0.043387077000000003057512
5, 3.709180872006451, -0.5675882184166579, 0.055216291000000000677161
5, 3.709180872006451, -0.5675882184166579, 0.043227069999999999383444
5, 3.709180872006451, -0.5675882184166579, 0.043812691000000000829395
5, 3.709180872006451, -0.5675882184166579, 0.043583680999999999117200
5, 3.709180872006451, -0.5675882184166579, 0.047486919000000002433204
5, 3.709180872006452, -0.5675882184166587, 0.047546005000000002294058
5, 3.709180872006452, -0.5675882184166587, 0.055537352999999997638092
5, 3.709180872006451, -0.5675882184166579, 0.066922933000000003889163
5, 3.709180872006452, -0.5675882184166587, 0.042573211999999999166633
5, 3.709180872006452, -0.5675882184166587, 0.042453922999999997578424
5, 3.709180872006452, -0.5675882184166587, 0.043402441999999999411308
5, 3.709180872006452, -0.5675882184166587, 0.066379564000000002010893
5, 3.709180872006452, -0.5675882184166587, 0.067216127999999999986791
5, 3.709180872006451, -0.5675882184166579, 0.042283998000000003192334
5, 3.709180872006452, -0.5675882184166587, 0.042458812999999998027967
5, 3.709180872006452, -0.5675882184166587, 0.043525643000000002746930
5, 3.709180872006451, -0.5675882184166579, 0.043865701999999999471935
5, 3.709180872006451, -0.5675882184166579, 0.043850335999999996705601
5, 3.709180872006451, -0.5675882184166579, 0.043824564000000003349822
5, 3.709180872006451, -0.5675882184166579, 0.043920107999999999370822
5, 3.709180872006451, -0.5675882184166579, 0.044354103999999998364512
6, 3.7091795920061585, -0.5675869384163654, 0.039192808000000002588425
6, 3.7091795920061585, -0.5675869384163654, 0.039185893999999998893458
6, 3.7091795920061585, -0.5675869384163654, 0.039255805999999997257799
6, 3.7091795920061585, -0.5675869384163654, 0.039232338999999998019330
6, 3.7091795920061585, -0.5675869384163654, 0.043966693000000001134708
6, 3.7091795920061585, -0.5675869384163654, 0.062542257000000003874796
6, 3.7091795920061585, -0.5675869384163654, 0.037794789000000002243684
6, 3.7091795920061585, -0.5675869384163654, 0.037843467999999998163663
6, 3.709179592006158, -0.567586938416365, 0.039524904999999999066773
6, 3.709179592006158, -0.567586938416365, 0.039173183000000000308916
6, 3.7091795920061585, -0.5675869384163654, 0.063652180000000002646487
6, 3.709179592006158, -0.567586938416365, 0.037290811999999999570843
6, 3.7091795920061585, -0.5675869384163654, 0.038058511000000003199339
6, 3.7091795920061585, -0.5675869384163654, 0.039141404999999997171845
6, 3.7091795920061585, -0.5675869384163654, 0.039589090000000000391100
6, 3.709179592006158, -0.567586938416365, 0.039403171000000000723240
6, 3.7091795920061585, -0.5675869384163654, 0.039204332000000001456907
6, 3.709179592006158, -0.567586938416365, 0.039235132999999998426599
6, 3.7091795920061585, -0.5675869384163654, 0.039345971000000000417085
6, 3.7091795920061585, -0.5675869384163654, 0.039320758999999996796682
6, 3.7091795920061585, -0.5675869384163654, 0.039254128999999998717030
6, 3.709179592006158, -0.567586938416365, 0.039607177999999999828962
6, 3.709179592006158, -0.567586938416365, 0.050393795999999997647922
6, 3.7091795920061585, -0.5675869384163654, 0.037838649000000001976218
6, 3.709179592006158, -0.567586938416365, 0.039786881000000003105743
6, 3.7091795920061585, -0.5675869384163654, 0.039992565000000000752234
6, 3.7091795920061585, -0.5675869384163654, 0.039384243999999998808725
6, 3.7091795920061585, -0.5675869384163654, 0.039209081999999999268436
6, 3.7091795920061585, -0.5675869384163654, 0.047997531000000002998629
6, 3.709179592006158, -0.567586938416365, 0.062058464000000000682089
6, 3.7091795920061585, -0.5675869384163654, 0.060774635000000000462084
6, 3.7091795920061585, -0.5675869384163654, 0.037618648999999997062371
6, 3.709179592006158, -0.567586938416365, 0.037359115999999997770331
6, 3.7091795920061585, -0.5675869384163654, 0.038792406000000001498051
6, 3.7091795920061585, -0.5675869384163654, 0.039193786000000001290555
6, 3.709179592006158, -0.567586938416365, 0.039317545000000002353158
6, 3.7091795920061585, -0.5675869384163654, 0.039283392999999999783967
6, 3.709179592006158, -0.567586938416365, 0.039217322999999998378584
6, 3.709179592006158, -0.567586938416365, 0.052854735999999999385146
6, 3.7091795920061585, -0.5675869384163654, 0.059268710000000002224851
6, 3.7091795920061585, -0.5675869384163654, 0.037468279000000000167336
6, 3.7091795920061585, -0.5675869384163654, 0.061333787000000000722011
6, 3.7091795920061585, -0.5675869384163654, 0.048603896000000000598984
6, 3.7091795920061585, -0.5675869384163654, 0.038237793999999998562078
6, 3.709179592006158, -0.567586938416365, 0.051864382000000000538797
6, 3.7091795920061585, -0.5675869384163654, 0.038261539999999996664037
6, 3.7091795920061585, -0.5675869384163654, 0.038366373000000002224663
6, 3.7091795920061585, -0.5675869384163654, 0.039213760999999999756760
6, 3.709179592006158, -0.567586938416365, 0.039476643999999998235761
7, 3.7091799120062925, -0.5675872584164994, 0.058727995999999997589480
7, 3.7091799120062916, -0.5675872584164985, 0.041500026000000002357471
7, 3.7091799120062925, -0.5675872584164994, 0.057593208999999999375685
7, 3.7091799120062925, -0.5675872584164994, 0.056805605000000002069438
7, 3.7091799120062925, -0.5675872584164994, 0.056955275999999999125833
7, 3.7091799120062925, -0.5675872584164994, 0.056313570999999999766583
7, 3.7091799120062925, -0.5675872584164994, 0.058441295999999996746421
7, 3.7091799120062925, -0.5675872584164994, 0.057870899000000003420396
7, 3.7091799120062925, -0.5675872584164994, 0.058136577000000001780311
7, 3.7091799120062925, -0.5675872584164994, 0.033665821999999998026532
7, 3.7091799120062925, -0.5675872584164994, 0.043775465999999998989445
7, 3.7091799120062925, -0.5675872584164994, 0.055541123999999997273846
7, 3.7091799120062925, -0.5675872584164994, 0.058885767999999998056904
7, 3.7091799120062925, -0.5675872584164994, 0.033617002999999999468539
7, 3.7091799120062925, -0.5675872584164994, 0.035197029999999997207372
7, 3.7091799120062916, -0.5675872584164985, 0.035886505999999998572925
7, 3.7091799120062925, -0.5675872584164994, 0.035623202999999999118774
7, 3.7091799120062925, -0.5675872584164994, 0.035755832000000001280604
7, 3.7091799120062916, -0.5675872584164985, 0.036019484999999996921449
7, 3.7091799120062925, -0.5675872584164994, 0.036244375000000002284839
7, 3.7091799120062925, -0.5675872584164994, 0.052843350999999996742140
7, 3.7091799120062925, -0.5675872584164994, 0.058204252999999997464364
7, 3.7091799120062916, -0.5675872584164985, 0.058822770000000003387530
7, 3.7091799120062925, -0.5675872584164994, 0.047210414999999998630908
7, 3.7091799120062925, -0.5675872584164994, 0.057078756000000001324945
7, 3.7091799120062925, -0.5675872584164994, 0.058640343999999997026684
7, 3.7091799120062925, -0.5675872584164994, 0.056956393000000000992333
7, 3.7091799120062925, -0.5675872584164994, 0.034535908999999996582542
7, 3.7091799120062925, -0.5675872584164994, 0.033317731000000003205308
7, 3.7091799120062925, -0.5675872584164994, 0.034541914999999999424940
7, 3.709179912006293, -0.5675872584164998, 0.058011211999999999500144
7, 3.7091799120062925, -0.5675872584164994, 0.059854959999999998720988
7, 3.709179912006293, -0.5675872584164998, 0.062139199999999998602629
7, 3.7091799120062925, -0.5675872584164994, 0.058137275000000002145306
7, 3.7091799120062925, -0.5675872584164994, 0.060844335999999998865206
7, 3.709179912006293, -0.5675872584164998, 0.057539291999999998827864
7, 3.7091799120062925, -0.5675872584164994, 0.058667582000000002839801
7, 3.7091799120062916, -0.5675872584164985, 0.058746223999999999665356
7, 3.7091799120062925, -0.5675872584164994, 0.044252903000000003153058
7, 3.7091799120062925, -0.5675872584164994, 0.060015804999999998459170
7, 3.7091799120062925, -0.5675872584164994, 0.055190448000000003059284
7, 3.7091799120062925, -0.5675872584164994, 0.052369894000000000167105
7, 3.7091799120062925, -0.5675872584164994, 0.060125525999999998583156
7, 3.7091799120062925, -0.5675872584164994, 0.056408554999999999113314
7, 3.7091799120062925, -0.5675872584164994, 0.040078678999999998999737
7, 3.7091799120062925, -0.5675872584164994, 0.052287132999999999527496
7, 3.7091799120062925, -0.5675872584164994, 0.034232377000000001332491
7, 3.7091799120062925, -0.5675872584164994, 0.034240198999999998941135
7, 3.7091799120062925, -0.5675872584164994, 0.043033257999999997844842
8, 3.7091808720064607, -0.5675882184166676, 0.055052650000000001584421
8, 3.7091808720064607, -0.5675882184166676, 0.055387121999999996968533
8, 3.7091808720064607, -0.5675882184166676, 0.037482456999999996805073
8, 3.7091808720064603, -0.5675882184166672, 0.050584603999999998291681
8, 3.7091808720064607, -0.5675882184166676, 0.051379190999999997668812
8, 3.7091808720064607, -0.5675882184166676, 0.051563153999999999932413
8, 3.7091808720064607, -0.5675882184166676, 0.033718692000000001496307
8, 3.7091808720064607, -0.5675882184166676, 0.032451555999999999457817
8, 3.7091808720064607, -0.5675882184166676, 0.032438983999999997098751
8, 3.7091808720064607, -0.5675882184166676, 0.037612990999999998398273
8, 3.7091808720064607, -0.5675882184166676, 0.040941710999999998688015
8, 3.7091808720064607, -0.5675882184166676, 0.033399305999999996663608
8, 3.7091808720064607, -0.5675882184166676, 0.035574593000000001574712
8, 3.7091808720064607, -0.5675882184166676, 0.058434729999999997229754
8, 3.7091808720064607, -0.5675882184166676, 0.033028097999999998790610
8, 3.7091808720064607, -0.5675882184166676, 0.032667156000000002746830
8, 3.7091808720064607, -0.5675882184166676, 0.055558583000000001661522
8, 3.7091808720064607, -0.5675882184166676, 0.031534814000000001288360
8, 3.7091808720064607, -0.5675882184166676, 0.032097109999999998142250
8, 3.7091808720064607, -0.5675882184166676, 0.032648019000000000344741
8, 3.7091808720064607, -0.5675882184166676, 0.033198721000000000480590
8, 3.7091808720064607, -0.5675882184166676, 0.033602754999999998042348
8, 3.7091808720064607, -0.5675882184166676, 0.033299641999999997354909
8, 3.7091808720064607, -0.5675882184166676, 0.033717015000000002955538
8, 3.7091808720064607, -0.5675882184166676, 0.033330791999999997976545
8, 3.7091808720064607, -0.5675882184166676, 0.033467680999999999125194
8, 3.7091808720064607, -0.5675882184166676, 0.033553515999999998509207
8, 3.7091808720064607, -0.5675882184166676, 0.056361411999999999622446
8, 3.7091808720064607, -0.5675882184166676, 0.035608606000000000979533
8, 3.7091808720064603, -0.5675882184166672, 0.054420793000000002026528
8, 3.7091808720064607, -0.5675882184166676, 0.056155658999999996661145
8, 3.7091808720064607, -0.5675882184166676, 0.031555067999999998618055
8, 3.7091808720064607, -0.5675882184166676, 0.031402464999999997463664
8, 3.7091808720064607, -0.5675882184166676, 0.033090327000000002710678
8, 3.7091808720064607, -0.5675882184166676, 0.056148114999999998442348
8, 3.7091808720064607, -0.5675882184166676, 0.031708301000000001235168
8, 3.7091808720064607, -0.5675882184166676, 0.030803573000000000758902
8, 3.7091808720064607, -0.5675882184166676, 0.031594110000000001636788
8, 3.7091808720064607, -0.5675882184166676, 0.032447295000000000997353
8, 3.7091808720064607, -0.5675882184166676, 0.032529848000000000096676
8, 3.7091808720064607, -0.5675882184166676, 0.032624413999999997415546
8, 3.7091808720064607, -0.5675882184166676, 0.032435283000000002251451
8, 3.7091808720064607, -0.5675882184166676, 0.032781067999999996542826
8, 3.7091808720064607, -0.5675882184166676, 0.032814173000000002033971
8, 3.7091808720064607, -0.5675882184166676, 0.032585791000000002837211
8, 3.7091808720064607, -0.5675882184166676, 0.055400811000000001194099
8, 3.7091808720064607, -0.5675882184166676, 0.032035438999999998888057
8, 3.7091808720064607, -0.5675882184166676, 0.032331638000000002819423
8, 3.7091808720064607, -0.5675882184166676, 0.032007292999999999161265
9, 3.7091805520064502, -0.5675878984166571, 0.043474098000000002683940
9, 3.7091805520064494, -0.5675878984166562, 0.040280310999999999199694
9, 3.7091805520064502, -0.5675878984166571, 0.037030022000000002713183
9, 3.7091805520064494, -0.5675878984166562, 0.040127706999999998571660
9, 3.7091805520064494, -0.5675878984166562, 0.043392104000000000785242
9, 3.7091805520064494, -0.5675878984166562, 0.052573133000000001058272
9, 3.7091805520064494, -0.5675878984166562, 0.040621767000000003067228
9, 3.7091805520064494, -0.5675878984166562, 0.046625421000000000226748
9, 3.7091805520064485, -0.5675878984166554, 0.049310132999999999048324
9, 3.7091805520064494, -0.5675878984166562, 0.039999128000000001847969
9, 3.7091805520064494, -0.5675878984166562, 0.038568143999999998650097
9, 3.7091805520064494, -0.5675878984166562, 0.051652900000000001590195
9, 3.7091805520064494, -0.5675878984166562, 0.052140253999999996992187
9, 3.7091805520064494, -0.5675878984166562, 0.039329835999999999962551
9, 3.7091805520064494, -0.5675878984166562, 0.049736725000000002461231
9, 3.7091805520064502, -0.5675878984166571, 0.039534821999999997244046
9, 3.7091805520064494, -0.5675878984166562, 0.038599082999999999310514
9, 3.7091805520064494, -0.5675878984166562, 0.053456140999999998686398
9, 3.7091805520064494, -0.5675878984166562, 0.052270858000000003373842
9, 3.7091805520064494, -0.5675878984166562, 0.040401764999999999206093
9, 3.7091805520064494, -0.5675878984166562, 0.048385499999999997955413
9, 3.7091805520064494, -0.5675878984166562, 0.040178830999999998185856
9, 3.7091805520064494, -0.5675878984166562, 0.039175277000000001403901
9, 3.7091805520064494, -0.5675878984166562, 0.039991305999999997300431
9, 3.7091805520064502, -0.5675878984166571, 0.036713918999999997638817
9, 3.7091805520064502, -0.5675878984166571, 0.049364748999999999434785
9, 3.7091805520064494, -0.5675878984166562, 0.052616924000000002414890
9, 3.7091805520064502, -0.5675878984166571, 0.039650129999999998708926
9, 3.7091805520064502, -0.5675878984166571, 0.038846533000000002533447
9, 3.7091805520064494, -0.5675878984166562, 0.039338217000000001710713
9, 3.7091805520064494, -0.5675878984166562, 0.048468122000000002369546
9, 3.7091805520064494, -0.5675878984166562, 0.039446333000000000090779
9, 3.7091805520064494, -0.5675878984166562, 0.049505688999999998556323
9, 3.7091805520064494, -0.5675878984166562, 0.039050330000000001151594
9, 3.7091805520064485, -0.5675878984166554, 0.052093461000000000626908
9, 3.7091805520064502, -0.5675878984166571, 0.038878240000000001408420
9, 3.7091805520064494, -0.5675878984166562, 0.040279821999999999848630
9, 3.7091805520064494, -0.5675878984166562, 0.041352169000000001120032
9, 3.7091805520064494, -0.5675878984166562, 0.045561593999999996928985
9, 3.7091805520064494, -0.5675878984166562, 0.040003599000000000796007
9, 3.7091805520064494, -0.5675878984166562, 0.051429476000000001745249
9, 3.7091805520064494, -0.5675878984166562, 0.041332963000000000342027
9, 3.7091805520064494, -0.5675878984166562, 0.040113040000000002582858
9, 3.7091805520064502, -0.5675878984166571, 0.051848386000000003248633
9, 3.7091805520064494, -0.5675878984166562, 0.051242230999999999196959
9, 3.7091805520064485, -0.5675878984166554, 0.039567298000000000746113
9, 3.7091805520064502, -0.5675878984166571, 0.051114769999999996874518
9, 3.7091805520064485, -0.5675878984166554, 0.052375549999999999883915
9, 3.7091805520064502, -0.5675878984166571, 0.042788671999999999817632
10, 3.7091808720064607, -0.5675882184166676, 0.038416377000000001551427
10, 3.7091808720064603, -0.5675882184166672, 0.037832920999999998523666
10, 3.7091808720064603, -0.5675882184166672, 0.044123135000000000827125
10, 3.7091808720064603, -0.5675882184166672, 0.052320724999999998483524
10, 3.7091808720064607, -0.5675882184166676, 0.037718799999999996774847
10, 3.7091808720064603, -0.5675882184166672, 0.036677321999999998314301
10, 3.7091808720064607, -0.5675882184166676, 0.038087214000000001179469
10, 3.7091808720064603, -0.5675882184166672, 0.039757127000000003214097
10, 3.7091808720064607, -0.5675882184166676, 0.051859071999999999114106
10, 3.7091808720064607, -0.5675882184166676, 0.037673471999999999515474
10, 3.7091808720064607, -0.5675882184166676, 0.051818982999999999017327
10, 3.7091808720064594, -0.5675882184166663, 0.049658921000000001699792
10, 3.7091808720064607, -0.5675882184166676, 0.036323503999999999514170
10, 3.7091808720064607, -0.5675882184166676, 0.036172925000000001605205
10, 3.7091808720064607, -0.5675882184166676, 0.051822334999999997151576
10, 3.7091808720064607, -0.5675882184166676, 0.037548874000000002915112
10, 3.7091808720064607, -0.5675882184166676, 0.051031028999999998585491
10, 3.7091808720064607, -0.5675882184166676, 0.036970307000000000863249
10, 3.7091808720064607, -0.5675882184166676, 0.037472537999999999680512
10, 3.7091808720064607, -0.5675882184166676, 0.036681581999999997301121
10, 3.7091808720064607, -0.5675882184166676, 0.038278091000000000199144
10, 3.7091808720064607, -0.5675882184166676, 0.040775418000000000773309
10, 3.7091808720064607, -0.5675882184166676, 0.051623566000000002673698
10, 3.7091808720064603, -0.5675882184166672, 0.037031138999999997640789
10, 3.7091808720064603, -0.5675882184166672, 0.039185682999999998932239
10, 3.7091808720064603, -0.5675882184166672, 0.042523133999999997156838
10, 3.7091808720064603, -0.5675882184166672, 0.039218088999999997645851
10, 3.7091808720064607, -0.5675882184166676, 0.051104223999999996708166
10, 3.7091808720064607, -0.5675882184166676, 0.059697116000000001456716
10, 3.7091808720064607, -0.5675882184166676, 0.037467369999999999841123
10, 3.7091808720064603, -0.5675882184166672, 0.051036685999999997775944
10, 3.7091808720064607, -0.5675882184166676, 0.050375704999999999789129
10, 3.7091808720064607, -0.5675882184166676, 0.037115159000000001732200
10, 3.7091808720064603, -0.5675882184166672, 0.053868343999999998561456
10, 3.7091808720064603, -0.5675882184166672, 0.045514589000000001128843
10, 3.7091808720064603, -0.5675882184166672, 0.047295690000000001340652
10, 3.7091808720064603, -0.5675882184166672, 0.037351222000000003364839
10, 3.7091808720064607, -0.5675882184166676, 0.049415172999999999736698
10, 3.7091808720064607, -0.5675882184166676, 0.049701105000000002365201
10, 3.7091808720064607, -0.5675882184166676, 0.036987277999999998434610
10, 3.7091808720064607, -0.5675882184166676, 0.037024573999999997597765
10, 3.7091808720064607, -0.5675882184166676, 0.051768975000000001795986
10, 3.7091808720064603, -0.5675882184166672, 0.036961158000000000900531
10, 3.7091808720064607, -0.5675882184166676, 0.049932699999999996531841
10, 3.7091808720064607, -0.5675882184166676, 0.049567357999999998863228
10, 3.7091808720064603, -0.5675882184166672, 0.036637651000000000245382
10, 3.7091808720064603, -0.5675882184166672, 0.036017248000000001706411
10, 3.7091808720064603, -0.5675882184166672, 0.036128646000000000371166
10, 3.7091808720064607, -0.5675882184166676, 0.037378392000000003336790
11, 3.709177672005062, -0.5675850184152691, 0.049044943000000000565830
11, 3.7091776720050618, -0.5675850184152686, 0.034292229999999999934257
11, 3.7091776720050618, -0.5675850184152686, 0.035840758000000000338403
11, 3.709177672005062, -0.5675850184152691, 0.047498858999999997443364
11, 3.709177672005062, -0.5675850184152691, 0.044304584000000001020592
11, 3.709177672005062, -0.5675850184152691, 0.042975636999999997089894
11, 3.7091776720050618, -0.5675850184152686, 0.056671088000000001405621
11, 3.709177672005062, -0.5675850184152691, 0.050510778999999998706283
11, 3.709177672005062, -0.5675850184152691, 0.046099861999999998396493
11, 3.7091776720050618, -0.5675850184152686, 0.043177967999999997128491
11, 3.709177672005062, -0.5675850184152691, 0.053773219999999996576712
11, 3.709177672005062, -0.5675850184152691, 0.046875871999999998984698
11, 3.7091776720050618, -0.5675850184152686, 0.046141907000000002836426
11, 3.709177672005062, -0.5675850184152691, 0.046092180000000003425864
11, 3.709177672005062, -0.5675850184152691, 0.044274201999999998613511
11, 3.709177672005062, -0.5675850184152691, 0.043371918000000002357819
11, 3.7091776720050618, -0.5675850184152686, 0.044399357999999999879748
11, 3.709177672005062, -0.5675850184152691, 0.044471853999999998163783
11, 3.7091776720050618, -0.5675850184152686, 0.044837684000000002648711
11, 3.7091776720050618, -0.5675850184152686, 0.035079904000000002028958
11, 3.709177672005062, -0.5675850184152691, 0.033774144999999998473239
11, 3.709177672005062, -0.5675850184152691, 0.034721686000000001603993
11, 3.7091776720050618, -0.5675850184152686, 0.035763164000000000064539
11, 3.709177672005062, -0.5675850184152691, 0.051288605000000000999627
11, 3.709177672005062, -0.5675850184152691, 0.035086817999999998785032
11, 3.709177672005063, -0.56758501841527, 0.036069280000000002173177
11, 3.709177672005062, -0.5675850184152691, 0.036602661000000001612076
11, 3.709177672005062, -0.5675850184152691, 0.038072546999999998251774
11, 3.709177672005062, -0.5675850184152691, 0.050045842999999999578531
11, 3.709177672005062, -0.5675850184152691, 0.035060835999999998002785
11, 3.709177672005062, -0.5675850184152691, 0.034007486000000003434351
11, 3.709177672005062, -0.5675850184152691, 0.036864775000000002402878
11, 3.7091776720050618, -0.5675850184152686, 0.036240042999999999562277
11, 3.709177672005062, -0.5675850184152691, 0.036493287999999998727496
11, 3.709177672005063, -0.56758501841527, 0.035205199999999998994316
11, 3.709177672005062, -0.5675850184152691, 0.034971091000000002757542
11, 3.709177672005062, -0.5675850184152691, 0.050744189000000002043311
11, 3.709177672005062, -0.5675850184152691, 0.034316464999999997387281
11, 3.709177672005062, -0.5675850184152691, 0.048233801999999999232660
11, 3.709177672005062, -0.5675850184152691, 0.046798347999999996560394
11, 3.709177672005062, -0.5675850184152691, 0.034782308999999997367603
11, 3.7091776720050618, -0.5675850184152686, 0.033712894000000000194195
11, 3.7091776720050618, -0.5675850184152686, 0.049311878000000003430259
11, 3.7091776720050618, -0.5675850184152686, 0.034510485000000000466169
11, 3.709177672005063, -0.56758501841527, 0.046469882999999996553431
11, 3.709177672005062, -0.5675850184152691, 0.034399226999999997500534
11, 3.7091776720050618, -0.5675850184152686, 0.035562230000000000229576
11, 3.7091776720050618, -0.5675850184152686, 0.037072694000000003256012
11, 3.709177672005062, -0.5675850184152691, 0.049745104999999997796856
12, 3.7091795920062167, -0.5675869384164236, 0.032110658000000000256158
12, 3.7091795920062167, -0.5675869384164236, 0.033438695999999996921748
12, 3.7091795920062167, -0.5675869384164236, 0.033102198999999998818566
12, 3.7091795920062167, -0.5675869384164236, 0.047268311000000000354770
12, 3.7091795920062167, -0.5675869384164236, 0.032380735000000000767262
12, 3.7091795920062176, -0.5675869384164245, 0.056532661999999997415323
12, 3.7091795920062167, -0.5675869384164236, 0.036245560000000003053611
12, 3.7091795920062167, -0.5675869384164236, 0.043932675999999996896417
12, 3.7091795920062176, -0.5675869384164245, 0.043777418999999997972772
12, 3.7091795920062176, -0.5675869384164245, 0.055952625999999998362977
12, 3.7091795920062167, -0.5675869384164236, 0.043404603999999999408566
12, 3.7091795920062176, -0.5675869384164245, 0.043198920000000001762075
12, 3.7091795920062176, -0.5675869384164245, 0.043778815999999998176406
12, 3.7091795920062176, -0.5675869384164245, 0.054788785999999999043464
12, 3.7091795920062176, -0.5675869384164245, 0.042904259000000000146002
12, 3.7091795920062167, -0.5675869384164236, 0.042417742000000001334481
12, 3.7091795920062176, -0.5675869384164245, 0.043592758000000002283070
12, 3.7091795920062167, -0.5675869384164236, 0.042696899000000003432387
12, 3.7091795920062167, -0.5675869384164236, 0.042925629999999999342197
12, 3.7091795920062176, -0.5675869384164245, 0.042802568999999998644590
12, 3.7091795920062176, -0.5675869384164245, 0.042660301999999997168977
12, 3.7091795920062176, -0.5675869384164245, 0.042764715000000001754454
12, 3.7091795920062167, -0.5675869384164236, 0.043560559999999998170850
12, 3.7091795920062167, -0.5675869384164236, 0.042983738000000000500922
12, 3.7091795920062176, -0.5675869384164245, 0.057141050999999998261103
12, 3.7091795920062176, -0.5675869384164245, 0.043143116000000002185910
12, 3.7091795920062167, -0.5675869384164236, 0.042392319999999997226503
12, 3.7091795920062167, -0.5675869384164236, 0.042886727999999998961478
12, 3.7091795920062176, -0.5675869384164245, 0.043389099000000000416755
12, 3.7091795920062176, -0.5675869384164245, 0.042980666000000000703807
12, 3.7091795920062167, -0.5675869384164236, 0.043741588999999997389168
12, 3.7091795920062167, -0.5675869384164236, 0.043025853000000002790415
12, 3.7091795920062167, -0.5675869384164236, 0.055720332999999996892448
12, 3.7091795920062167, -0.5675869384164236, 0.056325649999999997941114
12, 3.7091795920062167, -0.5675869384164236, 0.056053197999999998524245
12, 3.7091795920062167, -0.5675869384164236, 0.032314385000000001024745
12, 3.7091795920062176, -0.5675869384164245, 0.031902459000000001065889
12, 3.7091795920062167, -0.5675869384164236, 0.032038580999999996534733
12, 3.7091795920062176, -0.5675869384164245, 0.038766213000000000754586
12, 3.7091795920062167, -0.5675869384164236, 0.044471085999999999949228
12, 3.7091795920062167, -0.5675869384164236, 0.054285506999999996735617
12, 3.7091795920062176, -0.5675869384164245, 0.032818153000000002683656
12, 3.7091795920062167, -0.5675869384164236, 0.045307089000000001777213
12, 3.7091795920062176, -0.5675869384164245, 0.033168337999999998599865
12, 3.7091795920062167, -0.5675869384164236, 0.044822459000000001994035
12, 3.7091795920062176, -0.5675869384164245, 0.038364623999999999948152
12, 3.7091795920062167, -0.5675869384164236, 0.045103709999999998248033
12, 3.7091795920062167, -0.5675869384164236, 0.043964454000000000033488
12, 3.7091795920062176, -0.5675869384164245, 0.046233608000000002424823
13, 3.7091776720050254, -0.5675850184152322, 0.039684629999999998517524
13, 3.7091776720050245, -0.5675850184152313, 0.051577678000000001801162
13, 3.7091776720050245, -0.5675850184152313, 0.041246078999999997993786
13, 3.7091776720050245, -0.5675850184152313, 0.040708996999999996768693
13, 3.7091776720050245, -0.5675850184152313, 0.041670018000000003111083
13, 3.7091776720050245, -0.5675850184152313, 0.041983536000000001853216
13, 3.7091776720050254, -0.5675850184152322, 0.042278408000000003430507
13, 3.7091776720050245, -0.5675850184152313, 0.042445818000000003211714
13, 3.7091776720050245, -0.5675850184152313, 0.051145637000000000738087
13, 3.7091776720050245, -0.5675850184152313, 0.042500154999999997795790
13, 3.7091776720050254, -0.5675850184152322, 0.052910464999999996804636
13, 3.7091776720050245, -0.5675850184152313, 0.030954987999999999254142
13, 3.7091776720050254, -0.5675850184152322, 0.030716967000000001269955
13, 3.7091776720050254, -0.5675850184152322, 0.031776394999999998947082
13, 3.7091776720050254, -0.5675850184152322, 0.031756000999999998979373
13, 3.7091776720050245, -0.5675850184152313, 0.032833796999999997900943
13, 3.7091776720050245, -0.5675850184152313, 0.031944364000000002867807
13, 3.7091776720050245, -0.5675850184152313, 0.044499161000000002352817
13, 3.7091776720050245, -0.5675850184152313, 0.051194108000000002056673
13, 3.7091776720050254, -0.5675850184152322, 0.031130220000000000113438
13, 3.7091776720050254, -0.5675850184152322, 0.029518624999999999725109
13, 3.7091776720050245, -0.5675850184152313, 0.030402400999999999037238
13, 3.7091776720050245, -0.5675850184152313, 0.031224366999999999400250
13, 3.7091776720050245, -0.5675850184152313, 0.032244543000000000509964
13, 3.7091776720050245, -0.5675850184152313, 0.043932116999999999695792
13, 3.7091776720050254, -0.5675850184152322, 0.041233787000000000910749
13, 3.7091776720050245, -0.5675850184152313, 0.040537465000000001691394
13, 3.7091776720050254, -0.5675850184152322, 0.055251415999999997641368
13, 3.7091776720050245, -0.5675850184152313, 0.030296032000000000516948
13, 3.7091776720050245, -0.5675850184152313, 0.029702098999999999168198
13, 3.7091776720050245, -0.5675850184152313, 0.042307390999999999747772
13, 3.7091776720050254, -0.5675850184152322, 0.040658570999999997519492
13, 3.7091776720050245, -0.5675850184152313, 0.041064490000000002101199
13, 3.7091776720050245, -0.5675850184152313, 0.041072102999999998695912
13, 3.7091776720050245, -0.5675850184152313, 0.056755804999999999449489
13, 3.7091776720050245, -0.5675850184152313, 0.040428442000000001932403
13, 3.7091776720050245, -0.5675850184152313, 0.033709122000000001084796
13, 3.7091776720050245, -0.5675850184152313, 0.030805108000000001183816
13, 3.7091776720050245, -0.5675850184152313, 0.030500249000000000110244
13, 3.7091776720050245, -0.5675850184152313, 0.052424787000000000469768
13, 3.7091776720050245, -0.5675850184152313, 0.040702151999999998388535
13, 3.7091776720050245, -0.5675850184152313, 0.051003370999999998736119
13, 3.7091776720050254, -0.5675850184152322, 0.038578268999999998367656
13, 3.7091776720050245, -0.5675850184152313, 0.041530403999999999931081
13, 3.7091776720050245, -0.5675850184152313, 0.041915440999999997728764
13, 3.7091776720050245, -0.5675850184152313, 0.053442309000000000340780
13, 3.7091776720050245, -0.5675850184152313, 0.040269552999999999598479
13, 3.7091776720050245, -0.5675850184152313, 0.053889575000000002058531
13, 3.7091776720050254, -0.5675850184152322, 0.048387172999999998601606
14, 3.7091776720050182, -0.5675850184152251, 0.029841223000000000054044
14, 3.709177672005018, -0.5675850184152247, 0.028486436000000000395849
14, 3.709177672005018, -0.5675850184152247, 0.028267553000000000817948
14, 3.709177672005018, -0.5675850184152247, 0.028348148999999999569921
14, 3.709177672005019, -0.567585018415226, 0.028884882000000000612516
14, 3.709177672005018, -0.5675850184152247, 0.029759438999999998642920
14, 3.709177672005018, -0.5675850184152247, 0.030131416000000001143011
14, 3.709177672005018, -0.5675850184152247, 0.030024279000000000938719
14, 3.709177672005018, -0.5675850184152247, 0.029948290999999998412973
14, 3.7091776720050182, -0.5675850184152251, 0.030038804999999998285309
14, 3.709177672005019, -0.567585018415226, 0.030032937999999998607281
14, 3.709177672005018, -0.5675850184152247, 0.034645976000000001937540
14, 3.7091776720050182, -0.5675850184152251, 0.040242174999999998086242
14, 3.7091776720050182, -0.5675850184152251, 0.039657670999999998506791
14, 3.7091776720050182, -0.5675850184152251, 0.039075051999999999008395
14, 3.7091776720050182, -0.5675850184152251, 0.038736669000000001350514
14, 3.709177672005018, -0.5675850184152247, 0.038377963000000001048129
14, 3.7091776720050182, -0.5675850184152251, 0.038645247000000000625608
14, 3.7091776720050182, -0.5675850184152251, 0.053720207999999998460527
14, 3.709177672005018, -0.5675850184152247, 0.029147974999999999579092
14, 3.709177672005018, -0.5675850184152247, 0.028222574000000000271626
14, 3.709177672005018, -0.5675850184152247, 0.027968770000000000436335
14, 3.709177672005018, -0.5675850184152247, 0.028787802000000001223512
14, 3.709177672005018, -0.5675850184152247, 0.029944029999999999952509
14, 3.7091776720050182, -0.5675850184152251, 0.030097751999999998451241
14, 3.7091776720050182, -0.5675850184152251, 0.029965401999999998622348
14, 3.709177672005018, -0.5675850184152247, 0.030016036999999998885480
14, 3.7091776720050182, -0.5675850184152251, 0.030603824000000001692712
14, 3.709177672005018, -0.5675850184152247, 0.029940258000000000843110
14, 3.709177672005018, -0.5675850184152247, 0.029723190999999999500902
14, 3.7091776720050182, -0.5675850184152251, 0.029773126999999999925395
14, 3.709177672005018, -0.5675850184152247, 0.030576026999999998678970
14, 3.709177672005018, -0.5675850184152247, 0.029765794000000001667816
14, 3.709177672005018, -0.5675850184152247, 0.029748823000000000627008
14, 3.709177672005018, -0.5675850184152247, 0.041827299999999997814903
14, 3.709177672005018, -0.5675850184152247, 0.038776408999999997795349
14, 3.7091776720050182, -0.5675850184152251, 0.038296318000000002801375
14, 3.709177672005018, -0.5675850184152247, 0.038735063000000000132950
14, 3.7091776720050182, -0.5675850184152251, 0.037978048999999999835175
14, 3.7091776720050182, -0.5675850184152251, 0.038185479000000001337245
14, 3.7091776720050182, -0.5675850184152251, 0.038679190000000002180869
14, 3.709177672005018, -0.5675850184152247, 0.038261745999999999257035
14, 3.7091776720050182, -0.5675850184152251, 0.038370838999999996865586
14, 3.7091776720050182, -0.5675850184152251, 0.038475252000000001451063
14, 3.709177672005018, -0.5675850184152247, 0.038786885000000000112141
14, 3.709177672005018, -0.5675850184152247, 0.037725013000000001683887
14, 3.7091776720050182, -0.5675850184152251, 0.038710619000000001665995
14, 3.7091776720050182, -0.5675850184152251, 0.038329213000000000866052
14, 3.7091776720050182, -0.5675850184152251, 0.038450736999999998722011
15, 3.709177672005046, -0.5675850184152527, 0.053232852999999996645997
15, 3.709177672005046, -0.5675850184152527, 0.027700716999999999701210
15, 3.709177672005046, -0.5675850184152527, 0.027595815999999998707759
15, 3.709177672005046, -0.5675850184152527, 0.026834680999999999118089
15, 3.7091776720050453, -0.5675850184152522, 0.026862897000000000163888
15, 3.7091776720050453, -0.5675850184152522, 0.026892511000000000886967
15, 3.7091776720050453, -0.5675850184152522, 0.027832229999999999470184
15, 3.7091776720050453, -0.5675850184152522, 0.028285292000000000073312
15, 3.7091776720050453, -0.5675850184152522, 0.028612221000000000181718
15, 3.7091776720050467, -0.5675850184152536, 0.028651611000000000439858
15, 3.709177672005046, -0.5675850184152527, 0.028775021000000001319963
15, 3.7091776720050453, -0.5675850184152522, 0.028467367999999999839122
15, 3.709177672005046, -0.5675850184152527, 0.028807427000000000033575
15, 3.709177672005046, -0.5675850184152527, 0.028579813999999998525015
15, 3.709177672005046, -0.5675850184152527, 0.028587565999999998284098
15, 3.7091776720050467, -0.5675850184152536, 0.028857085000000001068221
15, 3.7091776720050467, -0.5675850184152536, 0.030589365999999999778947
15, 3.709177672005046, -0.5675850184152527, 0.030679462000000001092870
15, 3.7091776720050453, -0.5675850184152522, 0.029629183999999999382657
15, 3.709177672005046, -0.5675850184152527, 0.029664453999999999822546
15, 3.7091776720050453, -0.5675850184152522, 0.030159071999999998575648
15, 3.709177672005046, -0.5675850184152527, 0.030855951999999998991431
15, 3.709177672005046, -0.5675850184152527, 0.029609070000000001221530
15, 3.7091776720050453, -0.5675850184152522, 0.029176191000000000624892
15, 3.709177672005046, -0.5675850184152527, 0.028908069000000001513850
15, 3.7091776720050453, -0.5675850184152522, 0.028942012999999999073308
15, 3.7091776720050467, -0.5675850184152536, 0.028855898000000001352161
15, 3.709177672005046, -0.5675850184152527, 0.034263803000000002396686
15, 3.709177672005046, -0.5675850184152527, 0.037832849000000001726818
15, 3.709177672005046, -0.5675850184152527, 0.037020311999999999663657
15, 3.709177672005046, -0.5675850184152527, 0.037101188999999999695856
15, 3.7091776720050467, -0.5675850184152536, 0.037049296000000002393460
15, 3.7091776720050467, -0.5675850184152536, 0.036481204000000003184745
15, 3.709177672005046, -0.5675850184152527, 0.036487001999999997547963
15, 3.7091776720050467, -0.5675850184152536, 0.036806876000000002258083
15, 3.709177672005046, -0.5675850184152527, 0.036760780999999999318906
15, 3.709177672005046, -0.5675850184152527, 0.036706373999999999946375
15, 3.709177672005046, -0.5675850184152527, 0.037307709000000001398067
15, 3.7091776720050467, -0.5675850184152536, 0.036417229000000002347992
15, 3.7091776720050467, -0.5675850184152536, 0.036333628999999999231729
15, 3.709177672005046, -0.5675850184152527, 0.036418696000000000401187
15, 3.709177672005046, -0.5675850184152527, 0.036295495999999996539209
15, 3.709177672005046, -0.5675850184152527, 0.036987695000000000988827
15, 3.7091776720050467, -0.5675850184152536, 0.036512633000000002669871
15, 3.709177672005046, -0.5675850184152527, 0.036589038999999996815138
15, 3.7091776720050467, -0.5675850184152536, 0.036612156999999999340556
15, 3.709177672005046, -0.5675850184152527, 0.036548043000000002278327
15, 3.709177672005046, -0.5675850184152527, 0.036531489999999999795932
15, 3.709177672005046, -0.5675850184152527, 0.036317285999999997236909
16, 3.709180872006411, -0.5675882184166179, 0.050175395999999997109775
16, 3.709180872006412, -0.5675882184166188, 0.027393205000000000332028
16, 3.7091808720064123, -0.5675882184166192, 0.026140734999999998278142
16, 3.709180872006412, -0.5675882184166188, 0.025526547999999999599696
16, 3.709180872006412, -0.5675882184166188, 0.025752626000000000683343
16, 3.709180872006411, -0.5675882184166179, 0.025879666999999998561188
16, 3.709180872006412, -0.5675882184166188, 0.027149248000000000824450
16, 3.709180872006412, -0.5675882184166188, 0.027270424000000001441002
16, 3.709180872006412, -0.5675882184166188, 0.027052586999999999467503
16, 3.709180872006412, -0.5675882184166188, 0.027461369999999998836593
16, 3.709180872006412, -0.5675882184166188, 0.029276623000000001617593
16, 3.709180872006412, -0.5675882184166188, 0.028984406000000000752648
16, 3.709180872006412, -0.5675882184166188, 0.030230659999999999476561
16, 3.709180872006412, -0.5675882184166188, 0.031892959999999997977582
16, 3.709180872006412, -0.5675882184166188, 0.029354706000000001242523
16, 3.709180872006412, -0.5675882184166188, 0.029388370000000000464846
16, 3.709180872006412, -0.5675882184166188, 0.027634157999999998944762
16, 3.709180872006412, -0.5675882184166188, 0.027782502000000000585977
16, 3.709180872006412, -0.5675882184166188, 0.027823009999999998714815
16, 3.709180872006412, -0.5675882184166188, 0.027705118000000000799687
16, 3.7091808720064123, -0.5675882184166192, 0.028103633999999998865915
16, 3.709180872006411, -0.5675882184166179, 0.030408476999999999729196
16, 3.709180872006411, -0.5675882184166179, 0.028392917000000000155024
16, 3.709180872006411, -0.5675882184166179, 0.029164178999999998409542
16, 3.709180872006412, -0.5675882184166188, 0.028699940999999999646786
16, 3.709180872006412, -0.5675882184166188, 0.027901023000000000490184
16, 3.709180872006412, -0.5675882184166188, 0.027427078000000000568281
16, 3.709180872006412, -0.5675882184166188, 0.027441883999999999721453
16, 3.7091808720064123, -0.5675882184166192, 0.027686190999999998885173
16, 3.709180872006411, -0.5675882184166179, 0.027185286999999998952537
16, 3.709180872006412, -0.5675882184166188, 0.027340195000000001163132
16, 3.709180872006411, -0.5675882184166179, 0.027312746999999998331887
16, 3.709180872006411, -0.5675882184166179, 0.027206239000000000116675
16, 3.709180872006412, -0.5675882184166188, 0.027234105000000001506333
16, 3.709180872006412, -0.5675882184166188, 0.027398512999999999339984
16, 3.709180872006412, -0.5675882184166188, 0.027166079999999998700888
16, 3.709180872006411, -0.5675882184166179, 0.027262950000000001071765
16, 3.709180872006412, -0.5675882184166188, 0.027452849000000001389310
16, 3.709180872006411, -0.5675882184166179, 0.027159305000000001639737
16, 3.709180872006411, -0.5675882184166179, 0.027072421999999998765141
16, 3.709180872006412, -0.5675882184166188, 0.027700787000000001020217
16, 3.709180872006412, -0.5675882184166188, 0.027111323999999999145860
16, 3.709180872006412, -0.5675882184166188, 0.027412340999999999791026
16, 3.709180872006412, -0.5675882184166188, 0.027141216999999998732429
16, 3.709180872006412, -0.5675882184166188, 0.027997892999999999391614
16, 3.709180872006412, -0.5675882184166188, 0.027637930000000001523608
16, 3.709180872006412, -0.5675882184166188, 0.027139819999999998528795
16, 3.709180872006412, -0.5675882184166188, 0.027721460999999999325061
16, 3.709180872006412, -0.5675882184166188, 0.027068022000000000609754
